rank,link,Answered_Questions,Price,Discount,customer_review_count,Category
1,/TRUFF-Truffle-Limited-Coriander-Experience/dp/B07XV8LVQK/,13,34.99,0,50,grocery
2,/nutpods-Peppermint-unsweetened-dairy-free-creamer/dp/B07D54ZL26/,12,13.95,0,237,grocery
3,/Oreo-Covered-Chocolate-Sandwich-Original/dp/B07SL6ZNNK/,0,8.98,0,0,grocery
4,/MS-Chocolate-Christmas-Holiday-Baking/dp/B07T6G966L/,0,115,0,0,grocery
5,/dp/B0822LFHZC/,0,9.98,0,0,grocery
6,/nutpods-Peppermint-unsweetened-dairy-free-creamer/dp/B07GQ9T59B/,12,23.95,0,237,grocery
7,/Gingerbread-House-Kit-Traditional-Pre-assembled/dp/B07YBGB48N/,0,21,0,11,grocery
8,/Hershey-Miniatures-Chocolate-Christmas-Calendar/dp/B07TSK4JHK/,0,2.88,0,0,grocery
9,/nutpods-Collection-Unsweetened-Dairy-Free-Coconuts/dp/B07S5XDDH4/,9,0,0,102,grocery
10,/MS-Holiday-Chocolate-Christmas-38-ounce/dp/B07T7WXMNL/,0,8.98,0,1,grocery
11,/Godiva-Chocolate-Advent-Calendar-grams/dp/B07R2PTTQ8/,0,43.9,0,1,grocery
12,/Starbucks-Coffee-Holiday-Blend-K-Cup/dp/B07X6NTZ1N/,0,46.99,0,18,grocery
13,/Pukka-Herbs-Holiday-Advent-Calendar/dp/B07TF1NV7D/,0,12.99,0,14,grocery
14,/Tim-Hortons-Arabica-Medium-Original/dp/B07YCWBRS8/,0,29.95,0,0,grocery
15,/Trader-Joes-Chocolate-Advent-Calendar/dp/B07ZS7WHBR/,0,6.28,0,2,grocery
16,/VAHDAM-Turmeric-Herbal-Assorted-Gift/dp/B07X4CZSVR/,39,39.99,0,314,grocery
17,/Caramel-Keto-Co-Naturally-Sweetened/dp/B07XYFRJTF/,0,9.98,0,0,grocery
18,/STARBURST-Christmas-Chocolate-Assortment-59-8-Ounce/dp/B07WJYLC1J/,0,25.14,0,0,grocery
19,/Tim-Hortons-Single-Coffee-Original/dp/B08177PCVZ/,0,38.69,0,0,grocery
20,/Hu-Chocolate-Snacks-Gluten-Snacking/dp/B07X7GYQ14/,4,10.99,0,13,grocery
21,/Oh-Nuts-Large-Fruit-Gift/dp/B07Q6ZD19B/,8,49.99,0,13,grocery
22,/Wilder-Condiments-Mustard-Classic-Jalapeno/dp/B07YL838FD/,6,21,0,18,grocery
23,/Built-Pack-Energy-Protein-Bars/dp/B07Z47CJW2/,0,36,0,29,grocery
24,/Succulent-Plants-12-Pack-Rooted-Planter/dp/B07Y8V39NQ/,5,22.95,23,57,grocery
25,/Quest-Nutrition-Caramel-Chocolate-Friendly/dp/B07W5LYQ1F/,575,24.99,0,"15,726",grocery
26,/Amazon-Brand-Cappuccino-Assorted-Colombian/dp/B07P23H371/,3,32.22,0,96,grocery
27,/MS-Chocolate-Peppermint-Christmas-7-44-ounce/dp/B07YTYBR68/,0,2.88,0,0,grocery
28,/Fannie-May-Holiday-Chocolate-Christmas/dp/B07YCX3KDH/,0,24.99,0,5,grocery
29,/Oreo-Seasonal-Peppermint-Chocolate-Sandwich/dp/B07HX37DBT/,0,10.99,0,40,grocery
30,/English-Holiday-Christmas-Crackers-Pack/dp/B07XK186CX/,0,24.95,0,1,grocery
31,/Soeos-Premium-Peppercorns-Grinder-CERTIFIED/dp/B07Y3YL411/,0,2.96,0,9,grocery
32,/Fantastic-Christmas-Thanksgiving-Sympathy-Delivery/dp/B07Y2DYWJ9/,0,27.99,0,36,grocery
33,/Fannie-May-Meltaways-Chocolate-Christmas/dp/B07YCWVR8W/,0,24.99,0,5,grocery
34,/Gesentur-Birthday-Candles-Numbers-Decoration/dp/B07X8VPG79/,12,3.89,0,28,grocery
35,/Pork-Panko-Breadcrumbs-Naturally-Gluten-Free/dp/B07XKB63JX/,0,12.95,0,12,grocery
36,/SlimFast-Snacks-Chocolate-Caramel-Clusters/dp/B07XM97D94/,0,11.99,0,0,grocery
37,/DAVIDsTEA-Calendar-Sampler-Holidays-Infusions/dp/B07YLCY5H1/,0,24.99,0,11,grocery
38,/YumEarth-Organic-Mini-Candy-Canes/dp/B07YMMK73J/,50,3.69,0,617,grocery
39,/Oreo-Winter-Chocolate-Sandwich-Cookies/dp/B01M2X99MP/,0,27.76,0,0,grocery
40,/Dunkin-Donuts-Chocolate-Single-Brewers/dp/B07Y29X1BZ/,0,21.98,0,4,grocery
41,/No-Cow-Protein-Cinnamon-Friendly/dp/B081FKGRV8/,0,44.95,0,0,grocery
42,/Peninsula-Premium-Cocktail-Cherries-Cocktails/dp/B07YSY6NN5/,0,7.99,0,0,grocery
43,/Little-Debbie-Christmas-Variety-Pack/dp/B07ZZG7SMY/,0,9.99,0,1,grocery
44,/Brachs-Peppermint-Mini-Candy-Canes/dp/B07ZP8MSYY/,6,19.84,0,35,grocery
45,/RiverFinns-Bobs-Mini-Candy-Canes/dp/B081G1H9WB/,0,29.95,0,0,grocery
46,/SNICKERS-MUSKETEERS-Chocolate-Holiday-9-5-Ounce/dp/B07YTY6K3C/,0,24.99,0,0,grocery
47,/Thoughtfully-Gifts-Holiday-Double-Chocolate/dp/B07QVBB6LF/,0,9.99,0,10,grocery
48,/Quest-Nutrition-Tortilla-Style-Protein/dp/B07RQVPYT7/,102,25.49,0,"3,195",grocery
49,/Bee-Seasonal-Nashville-Cheese-Gal/dp/B07ZZJC74K/,8,29.99,0,98,grocery
50,/Gingerbread-Decorate-Yourself-Holiday-Activity/dp/B081FHDNQX/,0,17,0,0,grocery
51,/Dirty-Sue-Whiskey-Cocktail-Cherries/dp/B07YLC1FLF/,0,17.95,0,2,grocery
52,/Lakanto-Sugar-Free-Chocolate-Cacao-Almonds/dp/B07Y8XMSXG/,0,9.99,0,12,grocery
53,/Indonesian-Vanilla-Beans-Gourmet-longer/dp/B07Z87Q9NZ/,3,8.97,0,16,grocery
54,/NEUHAUS-Belgian-Chocolate-Classic-Calendar/dp/B07T4WWM12/,0,25,0,0,grocery
55,/Twinings-Seasonal-Collection-Flavors-Cup/dp/B07YGZG5BJ/,0,14.95,0,2,grocery
56,/Glittery-Snowflake-Topper-First-Birthday/dp/B07YYV9B49/,0,7.99,0,0,grocery
57,/Pringles-Limited-Edition-Roasted-Turkey/dp/B07ZGJGB98/,0,6.57,0,4,grocery
58,/Shortbread-Keto-Co-Naturally-Sweetened/dp/B07XYFRR9W/,0,9.99,0,15,grocery
59,/Fannie-May-Chocolate-Assortment-Christmas/dp/B07YCVZMV9/,0,24.99,0,5,grocery
60,/Ferrero-Rocher-Hazelnut-Chocolates-Chocolate/dp/B07W738MG5/,0,17.85,0,16,grocery
61,/Bistro-Chocolate-Selection-Assorted-Truffles/dp/B07XN4YBGH/,3,25.05,0,30,grocery
62,/Pepperidge-Farm-Seasoned-Stuffing-Classic/dp/B07XVB6884/,0,12.49,0,2,grocery
63,/Bang-Energy-Drink-Creatine-Drinks/dp/B07YF3NYQY/,0,20.79,0,32,grocery
64,/HERSHEYS-Chocolate-Holiday-Parties-Decorations/dp/B07T7H7YJM/,57,12.85,0,536,grocery
65,/Gingerbread-House-Christmas-Village-Yourself/dp/B07YBKJ963/,0,0,0,7,grocery
66,/Built-Sample-Energy-Protein-Bars/dp/B081FHLH4B/,0,19.95,0,29,grocery
67,/Built-Pack-Energy-Protein-Bars/dp/B07ZG6YKKF/,0,36,0,30,grocery
68,/Bakers-Corner-Sprinkles-Christmas-Decorating/dp/B07Z321XYT/,0,9.97,0,1,grocery
69,/Quest-Nutrition-Tortilla-Style-Protein/dp/B07RWP9HW5/,102,24.99,0,"3,195",grocery
70,/Welchs-Fruit-Snacks-Berries-Cherries/dp/B07Z5PMBM1/,83,29.88,0,"1,758",grocery
71,/Built-Pack-Energy-Protein-Bars/dp/B07Z45PTGP/,0,36,0,29,grocery
72,/Hershey-Chocolate-Calendar-Countdown-Christmas/dp/B07ZPLML3J/,0,22,8,0,grocery
73,/CrazyOutlet-Pack-Hersheys-Christmas-Chocolate/dp/B07YNV4KT2/,0,17.99,0,1,grocery
74,/MS-Holiday-Chocolate-Christmas-38-ounce/dp/B07WSP4C8X/,0,8.98,0,0,grocery
75,/Wawi-Calendar-Gourmet-Chocolate-Christmas/dp/B07Z2VBR55/,0,17.49,0,0,grocery
76,/Gingerbread-House-Addition-Holiday-Baking/dp/B07YBL6JMJ/,0,27.48,0,6,grocery
77,/Paqui-One-Chip-Challenge-2019/dp/B07XQJT4JF/,0,32.64,0,11,grocery
78,/think-High-Protein-Bars-Artificial/dp/B07Y35ZWG8/,138,20.67,0,"3,332",grocery
79,/Bells-All-Natural-Seasoning-Flossers/dp/B07ZHPMFBR/,0,16.99,0,3,grocery
80,/Sprite-Winter-Spiced-Cranberry-Pack/dp/B07X8RG2H6/,0,18.95,0,5,grocery
81,/Creamer-Fresh-Butter-Coconut-Unsweetened/dp/B07ZPLNZ95/,0,14.99,0,40,grocery
82,/LUV-Mini-Keto-Chocolate-Chips/dp/B07VS2TM82/,4,8.95,0,27,grocery
83,/No-Cow-Chocolate-Doughnut-Friendly/dp/B07Y8T2QVC/,0,27.99,0,7,grocery
84,/SAVERS-Candy-Flavors-50-Ounce-Party/dp/B07W7FMQ9R/,0,8.49,0,1,grocery
85,/Land-Lakes-Cocoa-Variety-34Count/dp/B07YFFG5SW/,0,22.98,0,0,grocery
86,/think-Keto-Protein-Bars-Artificial/dp/B07X4G521H/,0,35,0,29,grocery
87,/Crafty-Cooking-Disney-Holiday-Gingerbread/dp/B07YP7CNW8/,0,17.99,0,3,grocery
88,/MS-Peanut-Chocolate-Christmas-10-Ounce/dp/B07YWXP2NW/,0,3.19,0,0,grocery
89,/Hydration-Electrolyte-Antioxidant-Naturally-Flavored/dp/B07YLD3ZR5/,3,25.95,0,40,grocery
90,/SNICKERS-Christmas-Chocolate-Assortment-49-70-ounce/dp/B07WGQS81Q/,0,26.21,0,0,grocery
91,/Organic-Hearts-Hulled-Preserve-Nutrition/dp/B07YJ11MGQ/,0,No Price,0,0,grocery
92,/HERSHEYS-Chocolate-Amazing-Appreciation-Christmas/dp/B07YSM82Y7/,11,24.99,0,159,grocery
93,/Archie-Mcphee-Clam-Flavored-Stripes-Colorful/dp/B07XWFLV2V/,0,14.95,0,0,grocery
94,/Preservative-Enhancer-Gluten-Free-Excellent-Household/dp/B07Y25JM9S/,0,9.99,0,7,grocery
95,/Gingerbread-Festive-Peppermint-Chocolate-Cookie/dp/B07YCT7G4L/,0,28.38,0,1,grocery
96,/Pure-Protein-Nutritious-Support-Energy/dp/B07Y35ZWF9/,54,14.54,0,"1,324",grocery
97,/Market-Main-Classic-Compatible-Brewers/dp/B07YYMM66V/,6,7.44,0,203,grocery
98,/Brachs-bag-Favorites-Candy-Corn/dp/B07XPG2DG7/,0,4.99,0,5,grocery
99,/Wildflower-Honeycomb-Honey-Natural-Wisconsin/dp/B07Y29X5C1/,0,24.91,0,0,grocery
100,/MS-Holiday-Chocolate-Christmas-3-Ounce/dp/B07WNPDRSK/,0,1.99,0,0,grocery
1,/Fire-HD-10/dp/B07K1RZWMC/,1000,99.99,14,1414,pc
2,/Fire-HD-10/dp/B07KD6YDKC/,1000,1000,33,883,pc
3,/Fire-HD-10/dp/B07KD8R6HD/,108,1000,33,883,pc
4,/Fire-HD-10/dp/B07KD6BTCZ/,569,1000,33,883,pc
5,/Fire-HD-10-Kids-Edition/dp/B07KD7K4B1/,117,279.98,1,1690,pc
6,/Fire-HD-10/dp/B07K2HBB1H/,1000,139.99,26,883,pc
7,/C731-C118-Cel-11-6-32GB-Chrm/dp/B07LDRV83G/,39,149.99,25,10,pc
8,/Lenovo-Chromebook-MediaTek-Processor-81QB000AUS/dp/B07Z1KJ2D8/,21,227,0,10,pc
9,/Fire-HD-10/dp/B07PC8223G/,1000,149.99,2,1960,pc
10,/Fire-HD-10/dp/B07KD7FB5L/,200,139.99,26,883,pc
11,/Fire-HD-10-Kids-Edition/dp/B07KD87XW7/,117,149.99,25,68,pc
12,/Fire-HD-10-Kids-Edition/dp/B07KD718K4/,127,161,12,67,pc
13,/Fire-HD-10/dp/B07KD7CW5T/,750,139.99,26,883,pc
14,/Fire-HD-10/dp/B07P5VPJTT/,89,154.99,24,883,pc
15,/Special-Amazon-Standing-Charcoal-Charger/dp/B081N8XKBF/,1411,149.99,29,883,pc
16,/Twilight-Special-Amazon-Standing-Charger/dp/B081N91PL4/,1000,149.99,29,883,pc
17,/Fire-Tablet-2-Pack-Display-Kid-Proof/dp/B07Y117SL9/,1187,279.98,45,1210,pc
18,/LG-27GL83A-B-Ultragear-Compatible-Monitor/dp/B07YGZL8XF/,74,0,0,47,pc
19,/RUNMUS-Surround-Headphones-Canceling-Compatible/dp/B07XR6SKB6/,21,29.9,0,77,pc
20,/Fire-HD-10/dp/B07KD58DQS/,1000,139.99,26,883,pc
21,/Tablet-Special-Amazon-Standing-Charger/dp/B081N86FZC/,1000,149.99,29,883,pc
22,/CYBERPOWERPC-Xtreme-i5-9400F-GeForce-GXiVR8060A8/dp/B07VGJDKZ4/,456,599.99,20,494,pc
23,/Anki-Vector-Space/dp/B081KR21TT/,653,97.48,0,968,pc
24,/AUKEY-Ethernet-Delivery-Charging-Chromebook/dp/B07Z7H3GJK/,56,32.99,0,172,pc
25,/Fire-Tablet-2-Pack-Display-Kid-Proof/dp/B07XZZ2MVS/,117,279.98,0,68,pc
26,/Special-Amazon-Standing-Charcoal-Charger/dp/B081N87HH9/,1000,189.99,24,883,pc
27,/Fire-Tablet-2-Pack-Display-Kid-Proof/dp/B07Y11XR3P/,65,114.99,32,1000,pc
28,/Contixo-Parental-Education-Certified-Playstore/dp/B07Z471PT7/,17,54.99,0,64,pc
29,/BARNETT-Whitetail-Crossbow-Bottomland-Standard/dp/B07RC86KJ1/,57,22,0,37,pc
30,/NEW-Microsoft-Surface-Pro-Touch-Screen/dp/B07YNJGMH6/,76,279.98,41,4,pc
31,/Samsung-Flat-Monitor-Super-Slim-Design/dp/B07Y2RB6SV/,3,119.99,37,4,pc
32,/Wireless-Controller-Nintendo-Joystick-Vibration/dp/B07YJP3XZW/,999,29.99,8,9,pc
33,/Twilight-Special-Amazon-Standing-Charger/dp/B081N8NYZQ/,56,189.99,24,883,pc
34,/Tablet-Special-Amazon-Standing-Charger/dp/B081N87HHB/,1000,189.99,24,883,pc
35,/Samsung-Galaxy-128GB-Tablet-Mountain/dp/B07VGJH29F/,87,28.9,33,16,pc
36,/Carry-Case-Nintendo-Switch-Lite/dp/B07XRSXBS3/,17,18.99,0,55,pc
37,/Aesthetic-Stickers-Skateboard-HydroFlask-Waterproof/dp/B07Z7C68JP/,14,8.99,0,5,pc
38,/PICTEK-Upgraded-Programmable-Buttons-Computer/dp/B07WPSNJV7/,11,24.99,0,36,pc
39,/Tablet-Tagital-Android-Pre-Installed-Kid-Proof/dp/B07Z6287PH/,10,59.99,0,35,pc
40,/Samsung-Galaxy-128GB-Tablet-Cloud/dp/B07VFFCHL9/,146,549.99,15,78,pc
41,/Android-Display-Tablets-Quad-Core-Kid-Proof/dp/B07YC1YNYB/,4,59.95,0,45,pc
42,/Samsung-Galaxy-256GB-Tablet-Mountain/dp/B07V9PQ6CD/,854,11,50,25,pc
43,/Sceptre-30-inch-C305W-2560UN-DisplayPort-Build/dp/B07XZNXWGS/,0,199.97,20,11,pc
44,/Microsoft-Surface-Laptop-Touch-Screen-Memory/dp/B07YNK9T9Z/,43,999,23,17,pc
45,/Google-Nest-Wifi-AC2200-Coverage/dp/B07YMJ57MB/,123,45,45,36,pc
46,/Contixo-Parental-Education-Certified-Playstore/dp/B07Z48G4G6/,17,59.99,0,64,pc
47,/Google-Nest-Wifi-Router-Coverage/dp/B07YMKD6SM/,71,149,12,33,pc
48,/BeyondTab-Android-Unlocked-Phablet-Bluetooth/dp/B07YHFSW2Z/,18,89.99,0,62,pc
49,/Newest-Flagship-HP-Pentium-Keyboard/dp/B07XF1JWBM/,21,248.48,0,16,pc
50,/Contixo-Parental-Education-Certified-Playstore/dp/B07Z492NQ7/,17,54.99,5,64,pc
51,/Contixo-Parental-Education-Certified-Playstore/dp/B07Z48S2TR/,17,59.99,0,64,pc
52,/Samsung-Flat-Monitor-Super-Slim-Design/dp/B07Y2R9GK5/,3214,100,5,49,pc
53,/Acer-Chromebook-C732-C6WU-11-6-LCD/dp/B0799Z328L/,39,192.99,12,10,pc
54,/Fashion-Brand-Skateboard-Stickers-100PCS/dp/B07YJD3CKP/,0,7.99,0,51,pc
55,/Dragon-Touch-Android-Quad-Core-Processor/dp/B07WYZ1B6T/,32,69.99,0,68,pc
56,/Roberly-Stickers-Bottles-Waterproof-Skateboard/dp/B07XG7QG5C/,883,34,10,64,pc
57,/Acer-CB272-bmiprx-FreeSync-Technology/dp/B07WMTLW2R/,19,129.99,16,46,pc
58,/Alienware-AW2720HF-Inch-Edgelight-Monitor/dp/B07YQHGC9L/,23,0,0,9,pc
59,/Razer-Kraken-Kitty-Gaming-Headset/dp/B07XYPXB9Q/,102,149.99,0,266,pc
60,/ASUS-Chromebook-Clamshell-Processor-C425TA-DH384/dp/B07VT254P6/,11,143,20,76,pc
61,/HP-15-6inch-Laptop-Dual-Core-Processor/dp/B07ZWGY1RT/,62,239.99,0,40,pc
62,/Special-Amazon-Standing-Sandstone-Charger/dp/B081N96ZWP/,987,99.99,24,65,pc
63,/Samsung-Galaxy-256GB-Tablet-Cloud/dp/B07VFFC4FS/,146,629.99,14,78,pc
64,/Tablet-Tagital-Android-Pre-Installed-Kid-Proof/dp/B07Z5Y1PB1/,10,59.99,0,35,pc
65,/Contixo-Parental-Education-Certified-Playstore/dp/B07Z468QMZ/,93,199.99,25,81,pc
66,/HP-Pentium-Bluetooth-Windows-14-CF0012DX/dp/B07SHJ8HXY/,10,240.79,0,8,pc
67,/Android-Display-Tablets-Quad-Core-Kid-Proof/dp/B07YBZZMHT/,4,59.95,0,45,pc
68,/Android-Certified-Quad-Core-Processor-Bluetooth/dp/B07XSNC6BD/,11,345,17,86,pc
69,/Carry-Case-Nintendo-Switch-Lite/dp/B07XRRXR9C/,68,76,89,75,pc
70,/Carry-Case-Nintendo-Switch-Lite/dp/B07XRRZDP3/,54,14,65,71,pc
71,/NETGEAR-Nighthawk-12-Stream-Router-Rax200/dp/B07PNR2VMD/,305,548.99,9,"1,310",pc
72,/HP-17-BY1053DX-17-3-Laptop-i5-8265U/dp/B07Y5LZBK4/,0,89,11,2,pc
73,/Piy-Painting-Nintendo-Multiport-Portable/dp/B07ZDPL5MW/,9,21.99,0,28,pc
74,/Dell-Inspiron-i3583-Touch-Screen-Laptop/dp/B081721LTM/,81,411.95,0,71,pc
75,/Retro-Bit-Official-Wireless-Controller-8-Button/dp/B07XVHSNCS/,3,34.99,0,10,pc
76,/Special-Amazon-Standing-Sandstone-Charger/dp/B081N87HHF/,1000,189.99,24,884,pc
77,/Stickers-Waterbottle-Snowboard-Motorcycle-Supplies/dp/B07Y2RB885/,765,204,21,798,pc
78,/HP-Dual-Core-Processor-Bluetooth-14-cb161wm/dp/B07YXSLFDH/,151,174.99,50,200,pc
79,/Stickers-Bottles-Waterproof-Computer-Skateboards/dp/B07XB6NG7S/,45,43,18,18,pc
80,/Linksys-Tri-Band-Wireless-Future-Proof-MU-Mimo/dp/B07Y45V3TK/,53,229,8,194,pc
81,/Contixo-Parental-Education-Certified-Playstore/dp/B07Z47QP2L/,17,59.99,0,64,pc
82,/Acer-Aspire-2-60GHz-Windows-Renewed/dp/B07X6CB1N4/,17,280,20,5,pc
83,/PHILIPS-T-Shaped-Extender-SPS1630G-37/dp/B07X3NNZ6H/,4,3.99,0,49,pc
84,/HooToo-Adapter-Delivery-Ethernet-Space/dp/B07YB2ZNRN/,85,34,50,54,pc
85,/Android-Learning-Entertaining-Quad-Core-Kid-Proof/dp/B07YCTD7KP/,0,59.99,0,41,pc
86,/Samsung-Monitor-Bezel-LESS-Design-LS24R350FHNXZA/dp/B07Y2QPG3B/,0,118.23,21,0,pc
87,/HP-Elite-Desktop-Computer-Package/dp/B07YF41Y6H/,5,190,0,5,pc
88,/Sceptre-DisplayPort-C275B-144RN-AmazonBasics-High-Speed/dp/B07Z282N5P/,127,161.98,0,175,pc
89,/Microsoft-Surface-Laptop-Touch-Screen-Sandstone/dp/B07YNKTF6H/,43,999,23,17,pc
90,/Acer-Performance-11-6inch-Laptop-Processor/dp/B07Z5H9P6D/,181,169.99,0,255,pc
91,/NEW-Microsoft-Surface-Pro-Touch-Screen/dp/B07YNHXX8D/,47,799,11,11,pc
92,/Dragon-Touch-Octa-Core-Processor-1200x1920/dp/B07Y1PSS27/,27,145.99,0,73,pc
93,/Google-Pixelbook-Chromebook-64GB-Black/dp/B07YMGQYP6/,28,649,0,8,pc
94,/LG-34WN80C-B-inch-Connectivity-Compatibility/dp/B07YGZ7C1K/,54,31,50,78,pc
95,/HP-Touchscreen-Dual-Core-Processor-Bluetooth/dp/B07XV8BWWK/,3,333,0,2,pc
96,/ProCase-Nintendo-Shock-Proof-Anti-Scratch-Protective/dp/B07X5KQXDS/,0,11.99,0,19,pc
97,/Android-Tablet-Inch-Card-Slots/dp/B07ZFD7N7M/,0,74.99,13,9,pc
98,/Nintendo-Shockproof-Anti-Scratch-Protective-Protectors/dp/B07X4DR9FH/,0,14.99,0,32,pc
99,/AKEROCK-Stickers-Hydroflasks-Skateboard-Notebook/dp/B07Y87SGJV/,0,97,14,900,pc
100,/SteelSeries-Arctis-Wireless-Gaming-Headset/dp/B07X64MTGL/,14,99.99,0,20,pc
1,/Christmas-Pajamas-One-Piece-Snowflake-Sleepwear/dp/B07XB4XG3J/,15,11.87,0,1,fashion
2,/sullcom-Leopard-Patchwork-Crewneck-Pullovers/dp/B07X4FGNBJ/,0,16.5,0,87,fashion
3,/Yincro-Womens-Casual-Sleeve-Blouses/dp/B07XQ9WX45/,11,20.5,0,404,fashion
4,/Winter-Hat-NRUTUP-Men-Women-Baggy-Warm-Crochet-Faux-Wool-Knit-Ski-Beanie-Skull-Slouchy-Caps-Hat-with-Faux-Fur-Pompom-Beige-Free-Size/dp/B081YNFZ61/,0,34.99,36,0,fashion
5,/Lionstill-Womens-Elegant-Sweater-Dresses/dp/B07WDHZVM3/,19,22,0,463,fashion
6,/Amazon-Essentials-Lightweight-Turtleneck-Sweater/dp/B07QD329F9/,0,17.6,0,0,fashion
7,/Amazon-Essentials-Standard-Quarter-Zip-Fleece/dp/B07NYB2L58/,5,13,35,70,fashion
8,/DB-MOON-Dresses-Pleated-Pockets/dp/B07XCQXDNX/,14,23.5,0,573,fashion
9,/Amazon-Essentials-Womens-Quarter-Zip-Pullover/dp/B07QTDHM5L/,14,13,35,133,fashion
10,/HIYIYEZI-Women-Sleeve-Split-Casual/dp/B07XD53MGT/,4,17,0,334,fashion
11,/Vibola-Messenger-Crossbody-Shoulder-Handbags/dp/B081V3HRPS/,0,6.99,86,0,fashion
12,/ANRABESS-Turtleneck-Batwing-Asymmetric-Pullover/dp/B07XMLR6TJ/,0,32.99,0,42,fashion
13,/HARHAY-Womens-Leopard-Striped-Blouses/dp/B07Y6JSW91/,10,18.99,0,103,fashion
14,/Rachel-Zoes-Box-Of-Style/dp/B07ZPPYLVG/,0,54,0,4536,fashion
15,/KIRUNDO-Turtleneck-Sweater-Sleeves-Pullover/dp/B07Z1FY2PD/,17,29.99,0,39,fashion
16,/Feiersi-Womens-Shoulder-Sweater-Pullover/dp/B07W3YXXFS/,6,22.5,0,438,fashion
17,/Amazon-Essentials-Boys-Water-Resistant-Snow/dp/B07PZ8MCK5/,0,29,0,76,fashion
18,/Amazon-Essentials-Womens-Standard-Heavy-Weight/dp/B07Q1DFWZ9/,29,35.1,35,63,fashion
19,/sloong-Sunshine-Engraved-Necklace-Sunflower/dp/B07XCKCMXD/,3,14.99,0,41,fashion
20,/KIRUNDO-Sweater-Sleeves-Stitching-Pullovers/dp/B07XFCZNXG/,10,29.99,0,152,fashion
21,/HOTUEEN-Fashion-Double-Breasted-Woolen/dp/B081Z79DBH/,0,79.99,0,0,fashion
22,/Vibola-Messenger-Crossbody-Shoulder-Handbags/dp/B081V83VZV/,0,6.99,86,0,fashion
23,/Christmas-Earrings-Holiday-Jewelry-Womens/dp/B081LHRB6B/,0,0.99,0,1,fashion
24,/Blanket-Oversized-Cashmere-Pashmina-replica/dp/B07X13D8XG/,8,14.49,15,55,fashion
25,/Amazon-Essentials-Womens-Standard-Mid-Length/dp/B07N8FKDHM/,0,6.99,0,0,fashion
26,/Alepo-Womens-Winter-Beanie-Knitted/dp/B07WC1MS3L/,11,0.99,0,533,fashion
27,/Amazon-Essentials-Toddler-Zip-Front-Sleeper/dp/B07QC8WBCN/,0,11,0,95,fashion
28,/Amazon-Essentials-Heavy-Weight-Hooded-Puffer/dp/B07Q2GYL4Z/,0,13.98,0,0,fashion
29,/BALEAF-Leggings-Thermal-Waisted-Pockets/dp/B07WPB4KGR/,12,29.99,0,36,fashion
30,/KORSIS-Womens-Sleeve-Pleated-Pockets/dp/B07SPYTG4Z/,13,20.5,0,495,fashion
31,/Dealswin-Watching-Christmas-Movies-Novelty/dp/B07Y9C9R6D/,0,11,0,0,fashion
32,/iClosam-Matching-Christmas-Pajamas-Sleepwear/dp/B07YCP8ZTK/,14,18.5,0,32,fashion
33,/Amazon-Essentials-Pullover-Hoodie-Sweatshirt/dp/B07Q2H7Y2T/,0,20.5,0,0,fashion
34,/Amazon-Essentials-Womens-Classic-Fit-T-Shirt/dp/B07R4CN67Y/,0,22.99,0,0,fashion
35,/aihihe-Womens-Tops-Pullovers-Sweatshirt/dp/B07ZNNYST3/,0,7.5,0,1,fashion
36,/Amazon-Essentials-Boys-Thermal-Underwear/dp/B07QFBGF4V/,3,13,0,27,fashion
37,/Vibola-Messenger-Crossbody-Shoulder-Handbags/dp/B081V88C7Z/,0,6.99,85,0,fashion
38,/Jackson-Baltimore-Ravens-Jersey-Womens/dp/B081HWB8YS/,0,23.99,0,0,fashion
39,/Scrunchies-Extensions-Ponytail-Accessories-Blonde/dp/B07X2952B4/,10,11.5,0,34,fashion
40,/Amazon-Essentials-Lightweight-Mockneck-Sweater/dp/B07QHFZ1JV/,4,13.05,0,57,fashion
41,/ViCherub-Thermal-Underwear-Fleece-Winter/dp/B07ZW19ZJ4/,0,14.97,0,0,fashion
42,/Peepers-PeeperSpecs-Filtering-Glasses-Oprahs-Polarized/dp/B07YLJR5T8/,0,8.99,0,0,fashion
43,/Valentines-Engagement-Wedding%EF%BC%8C-Classics-Titanium/dp/B07Y754FGW/,0,11.99,0,16,fashion
44,/Gaoye-Computer-Blocking-Lightweight-Black-Clear/dp/B07YS8RKCD/,19,15.99,0,147,fashion
45,/Amazon-Essentials-Standard-Straight-fit-5-Pocket/dp/B07P2D72P1/,3,24,0,19,fashion
46,/Hypoallergenic-Earrings-Sterling-Silver-Unicorn/dp/B07XCJVP76/,0,6.55,0,96,fashion
47,/KeaBabies-Baby-Socks-Blue-Craft/dp/B07R288JYP/,0,12.96,0,16,fashion
48,/Amazon-Essentials-Boys-Polar-Fleece/dp/B07Q2H6X9P/,0,14,0,39,fashion
49,/Shoelaces-Adults-Tieless-Strings-Elastic/dp/B07XC83KVW/,4,11.99,0,41,fashion
50,/Yaffi-Matching-Pajamas-Christmas-Loungewear/dp/B081C2GSNS/,5,23.5,0,21,fashion
51,/Wallets-Blocking-Minimalist-Pocket-Leather/dp/B07WR9RCVD/,11,17.77,14,346,fashion
52,/Pvendor-Thermal-Heated-Extreme-Insulated/dp/B0814PMQRF/,23,15.99,0,124,fashion
53,/Vibola-Messenger-Crossbody-Shoulder-Handbags/dp/B081V6GF2Q/,0,6.99,85,0,fashion
54,/Maya-Eternity-Ring-Emerald-Cut-Fashioned/dp/B07XTPJ87T/,0,33.6,0,31,fashion
55,/Abollria-Matching-Christmas-Striped-Sleepwear/dp/B07Z643W6L/,0,13.75,0,0,fashion
56,/Amazon-Essentials-Womens-Aola-Ankle/dp/B07PKDFCTQ/,0,35,0,29,fashion
57,/POPYOUNG-Womens-Sleeve-Dresses-Casual/dp/B07XXTF55B/,0,17.5,0,111,fashion
58,/POKARLA-Womens-Cotton-Underwear-Hipster/dp/B07X9V6HZX/,6,25.5,0,70,fashion
59,/Uniq-Fliker-Princess-Costume-Comfort/dp/B081GY8J9L/,0,18,0,7,fashion
60,/WEACZZY-Womens-Sleeve-Button-Casual/dp/B07V5QLN4T/,4,20.5,0,221,fashion
61,/wewett-Titanium-Bracelet-Bracelets-Valentines/dp/B07ZYTKM93/,0,23.99,0,20,fashion
62,/Star-Wars-Mandalorian-Child-T-Shirt/dp/B081W8GKMJ/,0,22.99,0,11,fashion
63,/Amazon-Essentials-Girls-Water-Resistant-Snow/dp/B07PZ8MF4N/,0,29,0,80,fashion
64,/Womens-Sneaker-Fashion-Classic-Walking/dp/B081JQX8H6/,10,23.5,0,6,fashion
65,/Amazon-Essentials-Womens-Standard-Heavy-Weight/dp/B07PZ8LJR2/,11,32.61,0,61,fashion
66,/Whenever-Overwhelmed-Remember-Straighten-Inspirational/dp/B07YCS1Z8X/,9,13.99,0,36,fashion
67,/Hypoallergenic-Earrings-Colorful-Christmas-Rainbow/dp/B07Y9P37M8/,0,12.99,0,61,fashion
68,/Earrings-Bohemian-Birthday-Christmas-Friendship/dp/B07YYX1Y1H/,3,14.96,0,26,fashion
69,/Jumping-Beans-Toddler-Christmas-Graphic/dp/B07XLV9FBC/,0,71,0,0,fashion
70,/Saying-Novelty-Christmas-Cotton-Womens/dp/B07Z9Z4K39/,4,8.99,0,72,fashion
71,/Amazon-Essentials-Standard-Midweight-Crewneck/dp/B07NYBK99P/,0,25,0,84,fashion
72,/Winter-Mitten-Toddler-Newborn-Thermal/dp/B07WMFWWWK/,9,19.5,0,149,fashion
73,/Amazon-Essentials-Standard-Fisherman-Crewneck/dp/B07QB4PPSX/,0,26,0,52,fashion
74,/Dearfoams-Family-Collection-Closed-Slipper/dp/B07YGKS4HL/,0,29,0,2,fashion
75,/Amazon-Essentials-Girls-Thermal-Underwear/dp/B07QGGSF3K/,0,13.96,0,16,fashion
76,/Amazon-Essentials-Lightweight-Crewneck-Sweater/dp/B07QC4HK2Y/,3,22,0,28,fashion
77,/Cosonsen-Womens-Shoulder-Sleeve-Blouse/dp/B07ZCSP8K2/,0,19.99,20,76,fashion
78,/Amazon-Essentials-Standard-Cotton-Cardigan/dp/B07NZ8TBN1/,0,20,0,126,fashion
79,/Amazon-Essentials-Standard-Pullover-Sweatshirt/dp/B07P5RW5XY/,0,27,0,37,fashion
80,/JOYIN-Pairs-Christmas-Holiday-Birthday/dp/B07YMSBSW6/,5,20.99,55,10,fashion
81,/Amazon-Essentials-Boys-Water-Resistant-Snow/dp/B07Q2GZWYY/,0,67,0,0,fashion
82,/Gnpolo-Watching-Christmas-Movies-Channel/dp/B07ZJBMD8W/,0,6.97,0,444,fashion
83,/lamibaby-Leopard-T-Shirt-Crewneck-Stretchy/dp/B07XJMHKY2/,17,16.5,0,177,fashion
84,/BTFBM-Leopard-Sweater-Pockets-Cardigan/dp/B07XF2D8X4/,14,30.99,0,156,fashion
85,/Womens-Thermal-Underwear-Fleece-Thermals/dp/B08134KX2C/,0,5.98,34,0,fashion
86,/ZESICA-Womens-Sweatshirt-Pullover-Pockets/dp/B07XGQMTYH/,4,33,0,40,fashion
87,/MEROKEETY-Womens-Sleeve-Sweater-Pullover/dp/B07Y55K6JN/,4,24.5,0,47,fashion
88,/POSHDIVAH-Waisted-Control-Workout-Leggings/dp/B07XXYL3Y6/,19,19,0,42,fashion
89,/IEFSHINY-Whenever-Overwhelmed-Straighten-Inspirational/dp/B07ZNFTGG2/,0,12.99,0,5,fashion
90,/KIRUNDO-Sweatshirt-Sleeves-Pullover-Sweaters/dp/B07X38FGGL/,3,96,0,0,fashion
91,/Acilnxm-Lightweight-Raincoats-Waterproof-Outdoor/dp/B07Z33J51Z/,0,7.99,0,3,fashion
92,/Dearfoams-Womens-Family-Collection-Slipper/dp/B081FR3S6J/,0,24.5,0,1,fashion
93,/WEKILI-Womens-Sleeve-Sweatshirt-Pockets/dp/B07X8RL16S/,3,18.5,0,83,fashion
94,/UPSOLO-Trekking-Resistant-Anti-Slip-Lightweight/dp/B07XQYR1Y5/,18,34,0,93,fashion
95,/Akihoo-Womens-Casual-Sleeve-Leopard/dp/B07YX6BJ8Q/,0,25.99,31,16,fashion
96,/Amazon-Essentials-Standard-10-Pack-Cushioned/dp/B07Q34FPVN/,0,17,12,50,fashion
97,/GERBER-Baby-2-Pack-Footed-Unionsuit/dp/B07Z5NMNHJ/,0,11.25,0,5,fashion
98,/Christmas-Leather-Earrings-Teardrop-Accessory/dp/B07Z1C12DK/,0,12,76,0,fashion
99,/Rockia-Beanie-Unisex-Outdoor-Juniors/dp/B081Q1ZP5G/,0,17.45,0,0,fashion
100,/DREAM-PAIRS-Platform-Sneakers-Booties/dp/B07YRJ4DM6/,0,29,0,51,fashion
1,/Fire-HD-10/dp/B07K1RZWMC/,1000,99.99,33,870,electronics
2,/Echo-Dot-3rd-Gen-speaker/dp/B07W95GZNH/,1000,22,56,"69,917",electronics
3,/Echo-Dot/dp/B07N8RPRF7/,1000,34.99,42,"69,917",electronics
4,/Echo-Show-8/dp/B07PF1Y28C/,118,79.99,38,57,electronics
5,/Roku-Express-Streaming-Media-Player/dp/B07WVFCVJN/,243,29,0,436,electronics
6,/all-new-fire-tv-cube-with-alexa-voice-remote/dp/B07KGVB6D6/,386,89.99,25,447,electronics
7,/Fire-HD-10/dp/B07KD6YDKC/,1000,99.99,33,870,electronics
8,/Xbox-All-Digital-Console-Disc-free-Gaming/dp/B07XQXZXJC/,78,149,40,17,electronics
9,/Fire-HD-10/dp/B07KD8R6HD/,1000,99.99,33,870,electronics
10,/Remote-months-SHOWTIME-automatic-renewal/dp/B0815V22GJ/,1000,19.99,50,"43,755",electronics
11,/clock-Sandstone-Bundle-TP-Link-simple/dp/B07Z4GFFMW/,12,57.98,30,4,electronics
12,/Fire-HD-10/dp/B07KD6BTCZ/,1000,99.99,33,870,electronics
13,/Fire-HD-10-Kids-Edition/dp/B07KD7K4B1/,116,149.99,25,67,electronics
14,/all-new-Echo/dp/B07NFTVP7P/,244,59.99,40,302,electronics
15,/Introducing-Ring-Indoor-Cam-Compact-Plug-In-HD-security-camera-with-two-way-talk-White-Works-with-Alexa-/dp/B07Q9VBYV8/,384,59.99,0,717,electronics
16,/Echo-Show-8/dp/B07RQ3TCT2/,118,79.99,38,57,electronics
17,/Fire-HD-10/dp/B07K2HBB1H/,1000,139.99,26,870,electronics
18,/Xbox-One-1TB-Console-Fallen/dp/B07YD67145/,24,199,34,11,electronics
19,/Echo-Flex/dp/B07MLY3JKV/,39,19.99,20,115,electronics
20,/Roku-Streaming-Player-Premium-Headphones/dp/B07WVF9SL5/,217,48,52,198,electronics
21,/Xbox-One-1TB-Console-Fallen/dp/B07YD5ZBTW/,14,349,30,5,electronics
22,/Echo-Bundle-TP-Link-simple-smart/dp/B07Z4GGCDN/,3,44.99,38,4,electronics
23,/Letsfit-Activity-Waterproof-Pedometer-Smartwatch/dp/B07X2KLTJ2/,297,35.99,0,617,electronics
24,/C731-C118-Cel-11-6-32GB-Chrm/dp/B07LDRV83G/,38,149.99,25,10,electronics
25,/Kindle-Paperwhite-Waterproof-Unlimited-auto-renewal/dp/B07PQ96B6B/,3,44.99,38,4,electronics
26,/Lenovo-Chromebook-MediaTek-Processor-81QB000AUS/dp/B07Z1KJ2D8/,21,128.98,19,9,electronics
27,/Fire-HD-10/dp/B07PC8223G/,1000,114.99,30,871,electronics
28,/Xbox-One-1Tb-Console-Limited/dp/B07VLH5JR7/,68,349,30,50,electronics
29,/Tile-RE-19001-Mate-1-Pack/dp/B07W9BBCTB/,75,24.99,0,131,electronics
30,/Fire-HD-10/dp/B07KD7FB5L/,1000,139.99,26,871,electronics
31,/Xbox-One-1TB-Console-Bundle/dp/B07VMMNDCJ/,25,199.99,33,8,electronics
32,/Tile-RE-23001-Slim-1-Pack/dp/B07WLYYP9R/,75,29.99,0,131,electronics
33,/Fire-HD-10-Kids-Edition/dp/B07KD87XW7/,116,149.99,25,67,electronics
34,/Bluetooth-Headphones-Cancelling-Compatible-Smartphones/dp/B07ZWXJL96/,1000,84.99,35,13223,electronics
35,/PlayStation-Pro-1TB-Console-Warfare/dp/B07YLCSHTP/,15,359,0,14,electronics
36,/Fire-HD-10-Kids-Edition/dp/B07KD718K4/,116,149.99,25,67,electronics
37,/all-new-Echo/dp/B07R1CXKN7/,244,59.99,40,302,electronics
38,/Tile-RE-20002-Pro-2-Pack/dp/B07W73NGMW/,57,59.99,0,110,electronics
39,/Tile-RE-21001-Pro-1-Pack/dp/B07W87124X/,57,34.99,0,110,electronics
40,/NVIDIA-Shield-Streaming-Player-Performance/dp/B07YP9FBMM/,55,199.99,0,68,electronics
41,/MCFANCE-Silicone-Compatible-Protection-Shockproof/dp/B07XBR9X6S/,4,12.95,0,26,electronics
42,/Fire-HD-10/dp/B07KD7CW5T/,1000,139.99,26,871,electronics
43,/Echo-Studio/dp/B07G9Y3ZMC/,131,199.99,0,154,electronics
44,/Kindle-now-with-a-built-in-front-light/dp/B07P3J564G/,1000,59.99,33,"2,775",electronics
45,/LETSCOM-Resistant-Activity-Tracking-Pedometer/dp/B07WZQP556/,142,35.99,0,532,electronics
46,/Fire-HD-10/dp/B07P5VPJTT/,1000,154.99,24,871,electronics
47,/Charger-T-Type-Replacement-Adapter-11-inch/dp/B07XJ1L9D1/,14,21.99,0,513,electronics
48,/all-new-Echo/dp/B07PBGN2WX/,244,59.99,40,302,electronics
49,/all-new-Echo/dp/B07P86SQ52/,385,179,44,358,electronics
50,/Ring-Peephole-Rechargeable-Battery-Pack/dp/B07ZPPH2XX/,42,39.93,0,93,electronics
51,/Marshall-Stockwell-II-Portable-Speaker/dp/B07XYQS9TP/,13,249.99,0,50,electronics
52,/Wake-Light-Alarm-Clock-Simulation/dp/B07X8ZYXBB/,38,37.99,0,333,electronics
53,/RUNMUS-Surround-Canceling-Headphones-Compatible/dp/B07TY4THDW/,10,26.85,0,263,electronics
54,/Tile-RE-25002-Sticker-2-Pack/dp/B07W63295C/,0,79.99,41,0,electronics
55,/All-new-Ring-Stick-Up-Cam-Battery-HD-security-camera-with-two-way-talk-Works-with-Alexa-/dp/B07Q6ZZFLS/,0,9.98,0,56,electronics
56,/Holy-Stone-Quadcotper-Functions-Batteries/dp/B07TV1J4KW/,79,199.99,0,115,electronics
57,/Special-Amazon-Standing-Charcoal-Charger/dp/B081N8XKBF/,1000,149.99,29,871,electronics
58,/DJI-Mavic-Mini-FlyCam-Quadcopter/dp/B07RQJHG8M/,76,399,0,20,electronics
59,/MacBook-Charger-Replacement-Magsafe-Compatible/dp/B07X9KTXNT/,0,19.99,0,75,electronics
60,/All-new-Ring-Stick-Battery-Charcoal/dp/B07ZZY2F17/,272,99.99,33,450,electronics
61,/Sonos-Move-Battery-powered-Bluetooth-built/dp/B07W95RBZM/,91,399,0,80,electronics
62,/Oaixmn-Underwater-Photography-Rechargeable-Accessories/dp/B07XYM6BGC/,0,42.28,0,0,electronics
63,/Fire-TV-Blaster-Bundle/dp/B07ZK52TWQ/,0,79.99,41,0,electronics
64,/Tile-RE-20004-Pro-4-Pack/dp/B07W9B83YV/,57,99.99,0,110,electronics
65,/Introducing-Ring-Indoor-Cam-Compact-Plug-In-HD-security-camera-with-two-way-talk-White-Works-with-Alexa-2-Pack/dp/B07RM6922G/,384,119.98,0,717,electronics
66,/ANBES-Waterproof-Fitness-Smartwatch-Compatible/dp/B07Y81FK48/,82,35.99,0,406,electronics
67,/Twilight-Special-Amazon-Standing-Charger/dp/B081N91PL4/,1000,149.99,29,871,electronics
68,/Vinyl-Stickers-Waterproof-Aesthetic-Trendy/dp/B07YTPJ7PV/,0,0,0,56,electronics
69,/Fire-Tablet-2-Pack-Display-Kid-Proof/dp/B07Y117SL9/,116,279.98,0,67,electronics
70,/LG-27GL83A-B-Ultragear-Compatible-Monitor/dp/B07YGZL8XF/,74,379.99,0,47,electronics
71,/Searick-Bluetooth-Portable-Lossless-Headphone/dp/B07WT7WGPV/,167,41.99,0,570,electronics
72,/EZCO-Compatible-Replacement-Charging-Accessories/dp/B07YB2LNY4/,5,0,0,20,electronics
73,/clock-Sandstone-Bundle-Wi-Fi-Smart/dp/B07Z4GLKJC/,4,0,0,2,electronics
74,/RUNMUS-Surround-Headphones-Canceling-Compatible/dp/B07XR6SKB6/,21,29.9,0,75,electronics
75,/Kindle-Paperwhite-Waterproof-Unlimited-auto-renewal/dp/B07PP49ZDW/,1000,109.99,31,"13,223",electronics
76,/Ring-Peephole-Cam-doorbell-installation/dp/B07WHMQNPC/,385,149,25,358,electronics
77,/Instax-Mini-Link-Smartphone-Printer/dp/B07XM91NSZ/,38,89.95,10,29,electronics
78,/Fire-HD-10/dp/B07KD58DQS/,1000,139.99,26,871,electronics
79,/Dog-Camera-Detection-Storage-Security/dp/B07X316ZCZ/,19,29.99,0,83,electronics
80,/Echo-Dot-Kids-Edition-Rainbow-with-Echo-Glow-/dp/B07XSCH7VX/,266,59.98,40,300,electronics
81,/Tablet-Special-Amazon-Standing-Charger/dp/B081N86FZC/,1000,149.99,29,871,electronics
82,/Vinyl-Stickers-Waterproof-Aesthetic-Trendy/dp/B07XKSJLJH/,0,0,0,49,electronics
83,/Charger-Magsafe-Adapter-Compatible-MacBook/dp/B07YD1LZ87/,No Answered Questions,No Price,No Discount,No Customer Reviews,electronics
84,/Echo-bundle-Amazon-Smart-Plug/dp/B07XSCMKKK/,0,26.99,64,70004,electronics
85,/Tile-RE-19004-Mate-4-Pack/dp/B07W73PTJB/,1000,26.99,64,"69,919",electronics
86,/CYBERPOWERPC-Xtreme-i5-9400F-GeForce-GXiVR8060A8/dp/B07VGJDKZ4/,75,69.99,0,131,electronics
87,/Sonos-One-SL-Microphone-Free-Speaker/dp/B07W8ZVXWR/,456,743.49,0,493,electronics
88,/Complete-Nintendo-Tempered-Protector-Foldable/dp/B07VT6LHJC/,27,179,0,43,electronics
89,/Anki-Vector-Space/dp/B081KR21TT/,9,34.99,0,111,electronics
90,/ORSEN-Colorful-Magnetic-Erasable-Educational/dp/B07Z1FYWLZ/,653,97.48,0,965,electronics
91,/G-G-Martinsen-Versatile-Player-Support-Digital/dp/B07YFNGN3P/,167,111.67,31,541,electronics
92,/Vinyl-Waterproof-Stickers-Bottle-Laptop/dp/B07Y32Y5N1/,11,9.99,0,26,electronics
93,/TCL-Class-Dolby-Vision-Smart/dp/B07V4TC9V8/,200,869,0,112,electronics
94,/ORSEN-Colorful-Magnetic-Erasable-Educational/dp/B07Z19TR7C/,13,20.99,0,261,electronics
95,/Tile-Essentials-Pack-Stickers-Mate/dp/B07W86T94T/,42,69.99,0,93,electronics
96,/AUKEY-Ethernet-Delivery-Charging-Chromebook/dp/B07Z7H3GJK/,56,32.99,0,171,electronics
97,/Charger-Replacement-Magsafe-Adapter-13-Inch-Before/dp/B07ZVKBQWS/,No Answered Questions,No Price,No Discount,No Customer Reviews,electronics
98,/Contain-Control-Support-Players-Tojock/dp/B07X8MSSRQ/,56,32.99,0,171,electronics
99,/Echo-Show-Charcoal/dp/B07XSBGBS2/,38,89.95,10,29,electronics
100,/Fujifilm-Mini-Link-Smartphone-Printer/dp/B07XYPBKT9/,118,129.98,41,57,electronics
1,/Smart-outlet-Google-Simple-Required/dp/B07TXM4MT3/,889,22.99,"5,793",42,homeneeds
2,/GUSODOR-Waterproof-Bluetooth-Controller-Decoration/dp/B07XHKN8QL/,159,38.99,341,0,homeneeds
3,/AmazonBasics-Equivalent-Non-Dimmable-Lifetime-24-Pack/dp/B07SSBM16V/,49,24.05,357,0,homeneeds
4,/Christmas-Projector-Snowflake-Waterproof-Decorating/dp/B07XD1TXFC/,141,39.99,0,0,homeneeds
5,/NightScene-Changing-Controller-12V5APower-SMD5050/dp/B07XR7SX48/,0,35.99,0,17,homeneeds
6,/Walabot-DIY-Plus-Advanced-Smartphones/dp/B07XP94548/,31,59.95,35,33,homeneeds
7,/Kaisi-Precision-Screwdriver-Professional-Electronics/dp/B07ZB7FMLB/,0,19.99,0,0,homeneeds
8,/Pointer-Visible-Adjustable-Hunting-Hiking/dp/B07Y32JGJN/,0,19.99,0,0,homeneeds
9,/Wyze-Labs-WLPP1-Smart-Two-Pack/dp/B07XZT24B8/,22,17.88,46,11,homeneeds
10,/Wireless-Security-COOAU-Detection-Tracking/dp/B07YKMVBQ3/,76,35.99,93,13,homeneeds
11,/Lights-Changing-20-Key-Sensitive-Controlled/dp/B07Z4ZRNPP/,23,59.98,130,18,homeneeds
12,/Cobiz-Headlamp-Flashlight-USB-Rechargeable/dp/B07YS37TFV/,45,28.99,0,27,homeneeds
13,/Charger-Everdigi-Adapter-Charging-Compatible/dp/B07ZF69X5G/,4,10.99,131,0,homeneeds
14,/Christmas-Outdoors-Projector-Waterproof-Decorative/dp/B07SWJ9PSX/,10,49.99,69,53,homeneeds
15,/GE-47900-Enbrighten-SimpleWire-Assistant/dp/B07X84WRGR/,3,49.99,3,30,homeneeds
16,/Miroco-Brightness-Temperatures-Adjustable-Dimmable/dp/B07V8FR6QX/,24,46.99,335,0,homeneeds
17,/High-Powered-Flashlight-WdtPro-Bright-Flashlights/dp/B07TZ3BMKW/,19,15.99,116,0,homeneeds
18,/Christmas-Projector-Snowflake-Landscape-Decorative/dp/B07W7ZG3QB/,0,39.99,92,43,homeneeds
19,/Colored-Transparent-Green-Incandescent-Medium/dp/B0813Y6W78/,87,11.99,3,12,homeneeds
20,/Achiotely-Handheld-Sprayer-Stainless-Bathroom/dp/B07YJ8RSFT/,26,11.99,187,0,homeneeds
21,/Christmas-Projector-Waterproof-Decorating-Landscape/dp/B07WMRTD76/,0,29.71,80,0,homeneeds
22,/Govee-Temperature-Humidity-Notification-Monitor/dp/B07Y36FWTT/,14,88.91,321,0,homeneeds
23,/Nexillumi-Control-Backlight-Changing-Powered/dp/B07XBJR7GY/,17,96.87,14,14,homeneeds
24,/Flexible-Bluetooth-Controller-Changing-Lighting/dp/B07YXRBDXK/,0,10,1020,0,homeneeds
25,/Silicone-Sealing-Adhesive-Anti-Collision-Transparent/dp/B07XZ5WY3S/,345,201,890,8,homeneeds
26,/Work-Sharp-Pivot-Knife-Sharpener/dp/B07XPY53MJ/,11,56,14,0,homeneeds
27,/Outdoor-SEZAC-Security-Wireless-Waterproof/dp/B07XJHND3T/,15,88,11,10,homeneeds
28,/Christmas-Stakes-String-Decorations-Outdoor/dp/B0817RF7V9/,19,9.98,15,0,homeneeds
29,/GearLight-TAC-Tactical-Flashlight-PACK/dp/B07VNCWZBF/,36,12,17,0,homeneeds
30,/Govee-Bluetooth-Control-Changing-Controls/dp/B07XBSN3Y5/,75,17,191,0,homeneeds
31,/LBell-Projector-Bedroom-Ambiance-Bluetooth/dp/B07X7T8R65/,0,45,11,14,homeneeds
32,/Oscillating-Adjustable-Thermostat-Over-Heat-Protection/dp/B07XRH8HX7/,11,42.99,0,0,homeneeds
33,/Projectables-6-Image-UL-Listed-Ceiling-45028/dp/B07YQH3R7L/,0,10.47,1,19,homeneeds
34,/GE-Mechanical-Intervals-Decorations-46211/dp/B07YQKNC4D/,95,11.49,"1,017",12,homeneeds
35,/Govee-Ultra-Long-Changing-600LEDs-Options/dp/B07XJVQHPV/,16,61.99,11,14,homeneeds
36,/Contour-Duplications-Irregular-Measuring-Contoured/dp/B07ZB515MN/,3,19.68,37,6,homeneeds
37,/Christmas-Snowflake-Projector-Waterproof-Decorating/dp/B07SXK2RXZ/,8,13.97,44,0,homeneeds
38,/KEGOUU-Contour-Duplicator-Measurement-Laminate/dp/B07XFZ51DL/,9,18.97,63,0,homeneeds
39,/Waterproof-infrared-Suitable-Cupboard-Decoration/dp/B07WCH8L5R/,18,29.99,9,0,homeneeds
40,/Govee-Bluetooth-Changing-Christmas-Controls/dp/B07XBSP6BJ/,19,39.99,3,0,homeneeds
41,/Flexible-Extension-Bit-set-1/dp/B07YXBQ8V1/,0,5.99,1,0,homeneeds
42,/Daughter-Personalized-Birthday-Christmas-Multitool/dp/B07XVGXDM2/,9,19.99,90,26,homeneeds
43,/Lights-32-8ft-Changing-Remote-Decoration/dp/B07Y7VW55P/,28,27.99,200,0,homeneeds
44,/2019-Socket-Shelf-Extra-Large-Electrical/dp/B07ZFW31YP/,12,25.99,27,0,homeneeds
45,/Duplicator-Precisely-Irregular-Measuring-Widen-Red/dp/B07YB599F1/,0,0,16,0,homeneeds
46,/NiteBird-Backlight-Waterproof-Controller-Dimmable/dp/B07XCVGL42/,80,16.99,181,0,homeneeds
47,not found,None,None,None,None,homeneeds
48,/Waterproof-Outdoor-Christmas-Certified-Outside/dp/B07X94TF8C/,19,33.99,99,0,homeneeds
49,/AmazonBasics-Equivalent-Daylight-Non-Dimmable-Lifetime/dp/B07SQ8VGG8/,49,28.99,357,0,homeneeds
50,/MIDOLO-Christmas-Refrigerator-Decorations-Dishwasher/dp/B07XGQTXLD/,0,10.99,47,0,homeneeds
51,/GE-Outlet-Adapter-Grounded-46845/dp/B07ZGFF41G/,77,7.99,"1,576",0,homeneeds
52,/YIERBLUE-Rechargeable-spotlight-Flashlight-Searchlight/dp/B07XQCJXNY/,11,41.96,58,0,homeneeds
53,/Pointer-Visible-Adjustable-Hunting-Hiking/dp/B07YXM51W4/,8,18.99,34,0,homeneeds
54,/BASE-CAMP-Breathing-Woodworking-Activities/dp/B07Y1TZWXC/,103,18.96,413,0,homeneeds
55,/Wireless-Control-Christmas-Decorative-Outdoor/dp/B07Y7GVFJ6/,0,29.99,4,0,homeneeds
56,/Rechargeable-OUTERDO-Flashlight-Batteries-Waterproof/dp/B07WLZD18R/,13,19.99,39,0,homeneeds
57,/Flexible-Controller-Non-Waterproof-Kitchen-Bedroom/dp/B07Y1VR15N/,6,17.99,131,0,homeneeds
58,/Upgrade-Version-Duplications-Measuring-Contoured/dp/B07ZKSHTBZ/,4,28.99,18,0,homeneeds
59,/Christmas-Projector-Snowflake-Waterproof-Decorating/dp/B07ZQ2Q4RF/,0,19.98,16,0,homeneeds
60,/OKeeffes-102965-Night-Treatment-Cream/dp/B07SM1446J/,0,6.96,1,13,homeneeds
61,/YLCVBUD-Changing-Controller-Flexible-Bedroom/dp/B07X4HYM5J/,82,28.89,223,0,homeneeds
62,/LOZAYI-Waterproof-Outdoor-Adjustable-Decorate-Cool/dp/B07XDQX7P3/,27,28.43,306,21,homeneeds
63,/Craftsman-Liftmaster-Garage-Remotes-139-53681/dp/B07Z6PFMXD/,4,14.99,8,0,homeneeds
64,/Canyso-Lightning-Charging-Connector-Compatible/dp/B07YWKBRQP/,7,8.96,122,31%,homeneeds
65,/Waterproof-Landscape-Spotlights-Adjustable-Security/dp/B07Z3T8FWV/,0,39.99,84,11,homeneeds
66,/Master-Outline-Contour-Gauge-Duplicator/dp/B07Y7PKWSK/,4,22.49,30,7,homeneeds
67,/Doingart-Outdoor-Christmas-Decorations-Decorative/dp/B07Y7W937S/,0,29.99,15,0,homeneeds
68,/Philips-Hue-Bluetooth-compatible-activated/dp/B07VRF9NWK/,0,24.95,4,0,homeneeds
69,/DEWENWILS-Waterproof-Grounded-Extension-Christmas/dp/B07YBPC5B6/,7,29.99,0,0,homeneeds
70,/European-Adapter-TESSAN-International-American/dp/B07Y2ZNN6N/,11,11.84,27,21,homeneeds
71,/Outline-Contour-Duplicator-Woodworking-Template/dp/B07YDYC133/,6,11.98,35,8,homeneeds
72,/Moallia-Charger-Charging-Lightning-Compatible/dp/B07ZBJCSLS/,7,9.09,457,65,homeneeds
73,/Magnetic-Wristband-Strong-Magnets-Holding/dp/B07XXWW7Q2/,8,14.99,115,0,homeneeds
74,/GE-Outlet-Protector-Extension-47225/dp/B07ZTXJY47/,88,11.49,"1,085",0,homeneeds
75,/Changing-Control-Lighting-Christmas-Decoration/dp/B07YG67BZ7/,9,30.99,5,0,homeneeds
76,/MONATA-Pollution-Activated-Woodworking-Activities/dp/B07X2BH1S4/,28,16.99,101,0,homeneeds
77,/GE-Grounded-Charging-46852-Standard/dp/B07ZK6B3X6/,84,7.99,"1,674",0,homeneeds
78,/Flannel-Blanket-50x70cm-Conditioning-Living/dp/B081V5YSFZ/,0,3.99,0,87,homeneeds
79,/612-Vermont-Christmas-Replacement-Incandescent/dp/B07YXDVCCB/,4,14.99,6,0,homeneeds
80,/Reemeer-SMD5050-Changing-Control-Bedroom/dp/B07XF2RB3H/,74,29.59,225,24,homeneeds
81,/Christmas-Projector-KINGWILL-High-Definition-Decoration/dp/B07XSPJHQK/,5,29.99,17,0,homeneeds
82,/Gosund-Compatible-Assistant-Required-Version/dp/B07XBS6VL3/,38,16.99,102,0,homeneeds
83,/20_Oz-Epoxy-resin-AB-Glue/dp/B07P6YCCYY/,13,36.99,290,0,homeneeds
84,/Contour-Duplicator-Precisely-Irregular-duplicator/dp/B07Y732M3F/,7,23.99,28,0,homeneeds
85,/Christmas-Flameless-Candle-Flickering-Decoration/dp/B07YKR912L/,8,26.09,164,35,homeneeds
86,/Book-Light-Reading-Upgraded-Christmas/dp/B07XZK6VW4/,8,11.29,146,0,homeneeds
87,/Silicone-Sealing-Adhesive-Anti-Collision-Transparent/dp/B07XZ68MF5/,23,9.58,42,0,homeneeds
88,/Twinkle-Star-Switchable-Lenses-Snowflakes-Multicolor/dp/B07X86R31Z/,0,13.59,2,20,homeneeds
89,/Flexible-Non-Waterproof-Controller-Cabinet-Lighting/dp/B07XCKGWQ6/,14,29.95,38,0,homeneeds
90,/Deformable-Daylight-Adjustable-Warehouse-Workshop/dp/B07YFG48VB/,3,35.99,33,0,homeneeds
91,/BRIONAC-Flashlight-Wavelength-Blacklight-Detection/dp/B07Y2ZM75C/,29,20.99,202,0,homeneeds
92,/Compatible-NiteBird-Dimmable-Equivalent-Required/dp/B07Y4BLCTZ/,3,9.29,8,0,homeneeds
93,/Flexible-Extension-Screwdriver-Electrical-Multi-angle/dp/B07YKNKF5N/,0,12.99,0,12,homeneeds
94,/Philips-Hue-Button-Control-required/dp/B07XV1HRVZ/,3,19.99,20,0,homeneeds
95,/PAC-STACK-Handheld-Sealing-Storage/dp/B0816FH4TW/,0,19.99,0,0,homeneeds
96,/Deformable-Tribright-6000Lumen-Adjustable-Workshop/dp/B07X92KMKT/,85,28.16,568,18,homeneeds
97,/Huishang-Remover-Flexible-Catcher-Bathroom/dp/B07Y1N3RP1/,15,8.99,34,0,homeneeds
98,/Waterproof-Changing-Lighting-Flexible-Decoration/dp/B07XKYY11H/,19,16.99,63,0,homeneeds
99,/TROND-Protector-Widely-Spaced-Outlets-Extension/dp/B07WS3CBJG/,3,27.99,38,0,homeneeds
100,/Damaged-Extractor-Extension-Adapter-Stripped/dp/B07YTNYPF8/,0,18.99,50,0,homeneeds
1,/Fresh-Step-Febreze-Freshness-Clumping/dp/B06XKLG362/,18,20.41,675,0,petsupplies
2,/SHARLOVY-Puppies-Teething-Natural-Durable/dp/B07Z4GBGVV/,5,21.98,251,0,petsupplies
3,/Trader-Joes-Advent-Calendar-Cats/dp/B0812Y81ML/,0,18.29,4,8,petsupplies
4,/GOODGROWLIES-Dewormer-Dogs-Cats-Eliminates/dp/B07XWLH5V4/,33,19.87,277,0,petsupplies
5,/Costume-Fancy-Parties-Adjustable-Medium/dp/B07ZF2T3HL/,5,16.99,15,0,petsupplies
6,/Electric-29-5x17-7-Waterproof-Adjustable-Resistant/dp/B07X45TGMJ/,22,39.7,161,0,petsupplies
7,/MODUS-Bark-Control-Device-Ultrasonic/dp/B07WJ1DHLB/,4,29.99,26,0,petsupplies
8,/Pakoo-Interactive-Automatic-Rechargeable-Entertainment/dp/B07XD3NCKT/,12,11.19,89,44,petsupplies
9,/GOCHANGE-Multifunction-Interactive-Self-Playing-Cleaning/dp/B07Z846KYW/,5,21.99,24,0,petsupplies
10,/DMY-Interactive-7-Rechargeable-Multi-Flashlight-Interactive/dp/B07XCB2147/,13,9.99,130,0,petsupplies
11,/MODUS-Bark-Control-Device-Ultrasonic/dp/B07WFX6QKT/,11,23.99,47,20,petsupplies
12,/Electric-19-7x15-8-Waterproof-Adjustable-Resistant/dp/B07X11PFNP/,22,32.7,161,0,petsupplies
13,/Pawfectchow-Allergy-Relief-Dogs-Supplement/dp/B07XCY8PLL/,15,19.91,132,0,petsupplies
14,/HETOO-Interactive-Toothbrush-Cleaning-Crayfish/dp/B07ZJJVTDS/,9,9.99,81,0,petsupplies
15,/Lamphyface-Christmas-Collar-Breakaway-Adjustable/dp/B07YHQT13C/,0,9.99,4,0,petsupplies
16,/RIOGOO-Heating-Upgraded-Electric-Waterproof/dp/B07XHPRHGJ/,21,26.99,233,0,petsupplies
17,/Pawstruck-Sticks-Natural-Odorless-Bullie/dp/B07Y436421/,8,21.99,95,0,petsupplies
18,/Marialove-Control-Deterrents-Silencer-Repeller/dp/B07XM3MBKK/,14,25.99,132,0,petsupplies
19,/Hemp-Oil-Extract-Effective-FDA-Recommended/dp/B07Z6KR4X2/,3,11.99,227,0,petsupplies
20,/Shock-Collar-Dogs-Vibration-Rechargeable/dp/B07X41VLL4/,11,39.99,38,0,petsupplies
21,/Upgraded-Heating-Safety-Waterproof-Blanket/dp/B07XB6PLRY/,15,39.7,122,0,petsupplies
22,/Doggie-Dailies-Glucosamine-Supplement-Chondroitin/dp/B07Y5HDHMM/,112,33.97,"3,740",0,petsupplies
23,/DEGBIT-Portable-Materials-Professional-Ergonomic/dp/B07WR4QXB2/,13,12.99,185,19,petsupplies
24,/Fine-Pets-Dog-Chew-Toothbrush-DogToothbrush/dp/B07YYZ8JYD/,13,14.99,67,0,petsupplies
25,/uniwood-Adjustable-Ultrasonic-Automatic-Deterrent/dp/B07YWV1LF3/,8,29.99,93,0,petsupplies
26,/Thanksgiving-Christmas-Triangle-Neckerchief-Accessories/dp/B07YZ8ZNWF/,0,7.99,51,11,petsupplies
27,/Hyper-Pet-Lickimat-Slomo-Licking/dp/B07XMD98HG/,0,9.95,13,0,petsupplies
28,/Pawler-Bigger-Pooper-Scooper-Gravel/dp/B07ZSWFFZ6/,0,19.99,7,0,petsupplies
29,/Rachael-Ray-Nutrish-Roasters-Roasted/dp/B06W2GRZSS/,8,8.84,409,0,petsupplies
30,/Gimars-Stainless-Grooming-Scissors-Thinning/dp/B07XF3TH73/,3,25.79,88,0,petsupplies
31,/Malier-Christmas-Triangle-Accessories-Decoration/dp/B07YJLK8GB/,0,10.99,16,0,petsupplies
32,/Malier-Christmas-Triangle-Accessories-Decoration/dp/B07YJL1HQ4/,0,10.99,16,0,petsupplies
33,/Healex-Purrfect-Aggression-Pheromones-Protection/dp/B07XKPVVB5/,6,19.95,44,0,petsupplies
34,/MODUS-Adjustable-Ultrasonic-Automatic-Deterrent/dp/B07XP993VF/,16,49.99,30,0,petsupplies
35,/Gorilla-Grip-18-5x11-5-Dishwasher-Waterproof/dp/B07ST2Y53W/,3,9.99,65,0,petsupplies
36,/Petlab-Co-Clear-Chews-Stains/dp/B07XD3PP7J/,0,42.95,9,0,petsupplies
37,/Anddicek-Interactive-Green-Chaser-Exercise/dp/B07Y882WL8/,3,18.99,4,0,petsupplies
38,/GearLight-Black-Light-Flashlight-XR98/dp/B07W45VJP8/,0,9.99,57,0,petsupplies
39,/RUCACIO-Interactive-Toothbrush-Christmas-Resistance/dp/B07ZHW2XCX/,10,8.99,58,0,petsupplies
40,/Hyper-Pet-Lickimat-Wobble-Anxiety/dp/B07XJ7XXST/,0,13.95,13,0,petsupplies
41,/Aggressive-Chewers-Indestructible-Teething-Toys-Dog/dp/B081Z9TYRY/,0,24.99,56,50,petsupplies
42,/DamKee-Stepless-Clippers-Rechargeable-Smoothing/dp/B07XG3YWHP/,21,18.89,143,0,petsupplies
43,/9Lives-Plus-Care-Food-13-3/dp/B01LX0QTS0/,3,8.88,67,0,petsupplies
44,/Focuspet-Fur-Cuddler-Washable-Self-Warming-Cuddler/dp/B07XGFN3Z6/,7,31.98,37,0,petsupplies
45,/EcoKind-Pet-Treats-Himalayan-Odorless/dp/B07XJR1S5X/,97,29.95,"3,076",23,petsupplies
46,/AHJDL-Upgrade-Rechargeable-Vibration-Detection/dp/B07Z9DXRCN/,0,21.95,23,0,petsupplies
47,/Peroom-Clippers-Professional-Grooming-Rechargeable/dp/B07XNXKLS5/,32,12.79,249,39,petsupplies
48,/Aggressive-Cleaning-Toothbrush-Throwing-Training/dp/B07ZK98YVH/,0,9.99,17,0,petsupplies
49,/BOBOO-Superhuman-Effective-Harmful-Hypoallergenic/dp/B07Z7S6VS2/,,,,,petsupplies
50,/JOFUYU-Cat-Nail-Clippers-Professional/dp/B07X57DNP8/,34,10.5,564,0,petsupplies
51,/YILEGOU-Adjustable-Straps-Anti-Slip-Protectors/dp/B07YHC1J92/,0,9.49,20,0,petsupplies
52,/Benebone-Zaggler-Rolling-Dog-Chew-Bacon-Flavor-Medium/dp/B07X8YJC19/,0,11.59,6,0,petsupplies
53,/TIMINGILA-Scooper-Strength-Material-Durable/dp/B07Y81P6GL/,12,13.97,85,0,petsupplies
54,/Umran-Hemp-Oil-Dogs-Cats/dp/B07Y4Q2HH8/,3,35.99,30,0,petsupplies
55,/Benebone-Wishbone-Durable-Aggressive-Chewers/dp/B07YM1ZT2T/,217,9.65,"7,904",0,petsupplies
56,/Fairwin-Ultra-Durable-Toys-Aggressive-Chewer/dp/B0813HDK63/,9,,41,,petsupplies
57,/BODISEINT-WonderKathy-Modern-Warming-Sleeping/dp/B07Y8GZW58/,12,30.99,199,0,petsupplies
58,/TEMPTATIONS-Holiday-Dinner-Turkey-Potato/dp/B07YGMSHPG/,0,8.48,3,0,petsupplies
59,/oneisall-Grooming-Clippers-Cordless-Rump-Black/dp/B07XGR3VX7/,13,13.59,32,28,petsupplies
60,/Pet-Rubber-Ball-Toy-Suction/dp/B07YYKWSF7/,0,15.99,43,0,petsupplies
61,/ZGSZ-Aggressive-Indestructible-Flavored-Non-Toxic/dp/B07Y6Y8VZ8/,0,12.99,67,0,petsupplies
62,/VetaHelp-Labs-Dewormer-Dogs-Cats/dp/B08122QT2M/,19,18.49,97,0,petsupplies
63,/JUNMAO-Interactive-Scratching-Training-Electronic/dp/B07XMBJ6DG/,10,15.49,27,35,petsupplies
64,/Unibelin-Interactive-Ball-Smart-Rechargeable-Play%EF%BC%88White%EF%BC%89/dp/B07YCH1MGP/,7,11.99,51,0,petsupplies
65,/M-C-works-Pineapple-Resistant-Aggressive-Indestructible/dp/B07XCGM4B6/,9,14.39,64,28,petsupplies
66,/Petsure-Self-Warming-Beds-Indoor/dp/B07XJMQ498/,6,28.99,14,0,petsupplies
67,/GUCHO-Durable-Chew-Aggressive-Chewers/dp/B07XSJS4GZ/,7,11.83,65,41,petsupplies
68,/Moonsea-Personalized-Embroidered-Adjustable-Release/dp/B0814Q7R9X/,13,9.9,79,0,petsupplies
69,/Pack-Dog-Toys-Large-Dogs/dp/B07PKDGCKB/,8,14.98,40,0,petsupplies
70,/Pet-Heating-Pad-Warming-Bed/dp/B07XBLPBQT/,32,17.99,48,10,petsupplies
71,/EcoKind-Pet-Treats-Himalayan-Odorless/dp/B07XH6NWCN/,17,38.95,480,0,petsupplies
72,/PPOGOO-Non-Breakable-Strength-Material-Children/dp/B07WZY44GV/,17,10.99,49,21,petsupplies
73,/Peteast-Upgraded-Clippers-Powerful-Electric/dp/B07X9MC4FG/,18,24.89,33,0,petsupplies
74,/Automatic-Toys-Smart-Interactive-Entertainment-Exercise-Battery/dp/B07XLM6MBK/,9,34.9,55,0,petsupplies
75,/PATPET-Training-Collar-Vibration-Resistant/dp/B07ZYYZGZF/,0,23.99,7,52,petsupplies
76,/Fine-Pets-Dog-Chew-Toothbrush-DogToothbrush/dp/B07YYYT6L8/,13,18.99,67,0,petsupplies
77,/Upgraded-Interactive-Automatic-Electronic-Irregular/dp/B07X931BWQ/,0,24.99,44,0,petsupplies
78,/CHERPET-Christmas-Cat-Collar-Bell/dp/B07YYYB4XT/,3,10.99,1,0,petsupplies
79,/Pet-MD-Cat-Cleaner-Wipes/dp/B07YVHK7KY/,0,14.99,39,0,petsupplies
80,/MalsiPree-Interactive-Automatic-Rechargeable-Electronic/dp/B07Z78F4R5/,10,31.99,24,36,petsupplies
81,/Squeaky-Stuffing-Animals-Raccoon-Squirrel/dp/B07YWCVKFH/,0,19.99,28,0,petsupplies
82,/Best-Allergy-Relief-Immune-Supplement/dp/B07ZHLY7KP/,0,19.95,22,0,petsupplies
83,/CLEEBOURG-Fountain-Automatic-Dispenser-Replacement/dp/B07Y56R82Y/,12,23.99,99,52,petsupplies
84,/CZZK-Dog-Whistle-Stop-Barking/dp/B07Y9NTTP9/,0,9.99,3,0,petsupplies
85,/oneisall-Dog-Nail-Grinder-Rechargeable/dp/B07Y1TTXY5/,12,20.99,71,0,petsupplies
86,/Archies-Cat-Dog-Food-Mat/dp/B07YHLH7BX/,0,17.97,7,28,petsupplies
87,/PULEIDI-Pet-Dog-Santa-Costume/dp/B07Y8N8YC5/,0,6.99,3,0,petsupplies
88,/Sharper-Image-Pet-Brush-Dog/dp/B07ZRWGBFT/,0,3.99,0,0,petsupplies
89,/Vitorun-Handheld-Repellent-Ultrasonic-Deterrent/dp/B07YCG9L9P/,62,13.99,837,0,petsupplies
90,/Lamphyface-Christmas-Triangle-Snowflake-Accessories/dp/B07YTTX1YB/,0,14.99,2,0,petsupplies
91,/YILEGOU-Adjustable-Anti-Slip-Protectors-Chihuahua/dp/B07YHBBC41/,0,9.49,20,0,petsupplies
92,/Joytale-Christmas-Breakaway-Patterns-Collars/dp/B07XNKPT6C/,0,9.95,16,0,petsupplies
93,/Orthopedic-Waterproof-Arthritis-Dysplasia-Supportive/dp/B0815WFK8Z/,,,,,petsupplies
94,/Omegasnax-Advent-Calendarwith-Salmon-Potato/dp/B07ZWFL1PS/,0,15.99,0,0,petsupplies
95,/AHUIGOYCE-Warming-Kennel-Foldable-Sleeping/dp/B0816YZCMB/,0,5.99,0,77,petsupplies
96,/Abbyhouse-Multifunction-Interactive-Suction-Cleaning/dp/B07Z7VS3RH/,3,8.9,12,29,petsupplies
97,/Lamphyface-Bandana-Christmas-Triangle-Accessories/dp/B07ZXFJCTQ/,0,6.99,1,0,petsupplies
98,/Electric-Upgraded-Professional-Recharging-Smoothing/dp/B07YTSJ57N/,10,16.99,90,0,petsupplies
99,/ZGSZ-Aggressive-Indestructible-Flavored-Non-Toxic/dp/B07Y6YFHM7/,0,12.99,67,0,petsupplies
100,/Star-Factory-Teething-Destructive-All-Natural/dp/B07XHGJG1T/,0,10.32,57,20,petsupplies
1,/LEGO-Advent-Calendar-60235-Building/dp/B07NRT2CYD/,16,26.9,72,0,toys
2,/L-L-Surprise-Amazing-Surprises/dp/B07PMN4NJD/,27,98,89,25,toys
3,/PJ-Masks-95686-Advent-Calendar/dp/B07Q4QYWP2/,0,9.99,3,66,toys
4,/Frozen-12902-Styling-Head-Elsa/dp/B074B6XXWB/,0,14.88,60,0,toys
5,/L-L-Surprise-Secret-Dollface/dp/B07PMN4BZP/,17,55.95,42,0,toys
6,/L-L-Surprise-Winter-Exclusive/dp/B07R7XGBQ5/,13,62.99,32,30,toys
7,/Disney-Frozen-Basic-Animal-Elsa/dp/B07MC8SZ7V/,4,24.88,4,17,toys
8,/L-L-Surprise-Hairvibes-Hairpieces/dp/B07XSQ644G/,0,15.99,5,0,toys
9,/BEYBLADE-Slingshock-Collision-Beystadium-Launchers/dp/B07R8WQLRR/,0,39.73,28,21,toys
10,/Tara-Toys-Frozen2-Necklace-Activity/dp/B07SZX4BPV/,24,9.74,919,25,toys
11,/L-L-Surprise-Secret-Winter/dp/B07PS25DT4/,5,34.88,25,0,toys
12,/Osmo-Studio-Disney-Favorites-Required/dp/B07PY4QTN9/,9,13.99,8,30,toys
13,/L-L-Surprise-Secret-Winter/dp/B07PMN4NJX/,10,34.88,36,0,toys
14,/LEGO-Advent-Calendar-75245-Building/dp/B07Q1K2ZYZ/,13,24.99,56,38,toys
15,/LEGO-Disney-Frozen-Adventure-Building/dp/B07PX3V58M/,0,23.99,22,20,toys
16,/NERF-Fortnite-Targets-Blaster-Exclusive/dp/B07R9G84X7/,6,24.99,19,0,toys
17,/Disney-Frozen-Kristoffs-Sleigh-Little/dp/B07P8WVSKL/,6,15.99,47,6,toys
18,/Schleich-97982-Dinosaurs-Advent-Calendar/dp/B07LB5K5LC/,0,34.99,4,0,toys
19,/LEGO-Jewelry-Creation-Building-300Piece/dp/B07NRT2CYF/,0,31.99,21,20,toys
20,/Cry-Babies-Magic-Tears-Calendar/dp/B07Q69T515/,8,19.99,2,0,toys
21,/LEGO-Minifigures-71025-Building-Minifigure/dp/B07QVSBM3R/,0,2.99,60,25,toys
22,/Frozen-2-Elsas-Feature-Vanity/dp/B07KX4QR37/,4,119.99,4,0,toys
23,/Play-Doh-PD-Olaf-Snowball-Maker/dp/B07MTTLNM2/,0,12.99,3,19,toys
24,/Monopoly-E8760000-Unicorns-Vs-Llamas/dp/B07QB98HV7/,0,19.99,10,0,toys
25,/Disney-Frozen-Frz-Character-Anna/dp/B07MM2R5DP/,4,11.99,8,20,toys
26,/Really-R-D-Robots-Turbo/dp/B07NSTW6FT/,13,43.88,28,12,toys
27,/L-O-L-Surprise-Chalet-Winter-Disco/dp/B07PPR6P5D/,31,216.99,16,13,toys
28,/NERF-Motorized-Blaster-Farthest-Compatible/dp/B07RRYQPPQ/,9,49.72,44,0,toys
29,/Hatchimals-Llalacorn-Interactive-Re-Hatchable-Styles/dp/B07NFRYSZQ/,0,59.99,18,0,toys
30,/Monopoly-LONGEST-Game-Amazon-Exclusive/dp/B07W2Z9N7Q/,0,19.99,1,0,toys
31,/Owleez-Flying-Interactive-Lights-Sounds/dp/B07PBCJKZ3/,17,38.82,61,0,toys
32,/Cutetitos-Mystery-Stuffed-Animals-Collectible/dp/B07QL67MB3/,31,6.99,463,30,toys
33,/Disney-Frozen-Frz-Sd-Multipack/dp/B07MSVW3MC/,0,17.49,9,30,toys
34,/Little-Live-Pets-Scruff-Luvs/dp/B07NSS34SL/,16,29.82,21,25,toys
35,/Hasbro-Gaming-E8229-Battleship-Shots/dp/B07MTGXPTM/,0,12.99,13,35,toys
36,/Disney-Frozen-Storytelling-Fashion-Doll/dp/B07MJHCV92/,3,22.67,1,0,toys
37,/LEGO-Star-Wars-Wing-Starfighter/dp/B07Q2TQ48C/,0,23.99,27,20,toys
38,/Wingspan-with-Swift-Start-Pack/dp/B07YQ641NQ/,43,59.99,139,0,toys
39,/LEGO-Potter-Calendar-75964-Building/dp/B07NRSY3RW/,12,34.99,73,0,toys
40,/Frozen-Sisters-Musical-Snow-Wand/dp/B07KWZQ1RX/,0,8.99,9,40,toys
41,/Decorate-Personalize-Rhinestone-Stickers-Children/dp/B07TVF82RL/,6,12.99,39,0,toys
42,/Owleez-GLC-INA-White-ECMX/dp/B07P6Y6478/,17,34.99,61,0,toys
43,/Disney-Frozen-Frz-Character-Elsa/dp/B07MJH9675/,8,22.09,13,0,toys
44,/Disney-Frozen-Palace-Little-People/dp/B07PC36346/,12,33.8,52,15,toys
45,/LEGO-at-St-Raider-Building-540Piece/dp/B07Q2WB3D3/,0,39.99,28,20,toys
46,/LEGO-Friends-Calendar-41382-Building/dp/B07PX3WG21/,5,28.85,50,0,toys
47,/LEGO-Disney-Frozen-Expedition-Building/dp/B07Q2MQQ1K/,0,15.99,22,20,toys
48,/Frozen-2-Feature-Elsa-Doll/dp/B07KWSCPR4/,6,25.14,10,28,toys
49,/Monopoly-E5066-Frozen/dp/B07MTYQMFQ/,0,9.99,6,50,toys
50,/Frozen-Snow-Glow-Elsa-Doll/dp/B07KWX4MDF/,4,17.88,6,49,toys
51,/Jenga-Fortnite-Wooden-Stacking-Applicable/dp/B07VZYRY1R/,0,15.99,10,20,toys
52,/Mattel-Games-UNO-Disney-Frozen/dp/B07W5KTPCS/,0,5.99,1,0,toys
53,/Funko-Advent-Calendar-Marvel-Anniversary/dp/B07PQTDG9Q/,42,43.99,42,0,toys
54,/LEGO-X-Wing-Starfighter-Trench-Building/dp/B07GZ5VB4T/,4,23.99,36,20,toys
55,/Funko-Pop-Deluxe-Marvel-Exclusive/dp/B081R4DTHG/,0,19.99,0,0,toys
56,/Crayola-Wonder-Frozen-Coloring-Markers/dp/B07N3GGLQZ/,0,6.97,51,13,toys
57,/LEGO-Disney-Enchanted-Treehouse-Building/dp/B07PZF1GQQ/,0,39.99,27,20,toys
58,/Play-Doh-Compound-Corner-Variety-Pack/dp/B07V77DYM6/,9,14.99,21,0,toys
59,/Funko-Pop-Marvel-Holiday-Multicolor/dp/B07QGWYL1Y/,0,9.99,30,9,toys
60,/Disney-Frozen-Storytelling-Fashion-Doll/dp/B07MSV8X1W/,6,25.44,4,0,toys
61,/Frozen-Disney-Follow-Me-Friend-Olaf/dp/B07P75GM9L/,0,36.88,7,8,toys
62,/Disney-Frozen-Frz-Character-Kristoff/dp/B07MSVFZFP/,0,9.88,3,34,toys
63,/Funko-42754-Advent-Calendar-Fortnite/dp/B07PPPRSB4/,8,39.96,10,33,toys
64,/Wildluvs-Interactive-Elephant-Moving-Movements/dp/B07N3VZQN2/,7,77,37,0,toys
65,/WowWee-Pixie-Belles-Interactive-Enchanted/dp/B07NJSTD5G/,5,11.24,9,25,toys
66,/L-L-Surprise-Surprises-Removable/dp/B081S3FLB3/,0,17.98,0,0,toys
67,/WowWee-Pixie-Belles-Interactive-Enchanted/dp/B07NJQ62TH/,0,7.85,16,48,toys
68,/Frozen-Disney-Large-Plush-Olaf/dp/B07P6ZRQQG/,0,11.24,3,25,toys
69,/Suibety-Shooting-Digital-N-Strike-Electric/dp/B07ZFKPWCQ/,3,19.99,10,33,toys
70,/Frozen-Disney-Elsa-Deluxe-Styling/dp/B07P62BBGY/,4,29.88,3,15,toys
71,/Cards-Against-Humanity-Ass-Pack/dp/B07XZYW9J7/,0,5,9,0,toys
72,/Funko-Pop-Pokemon-Pikachu-Waving/dp/B07XYKSNXL/,3,6.89,18,37,toys
73,/Cards-Against-Humanity-Hidden-Exclusive/dp/B07XZY874L/,4,19,8,0,toys
74,/LEGO-Disney-Frozen-41169-Building/dp/B07PZF1GQP/,0,11.99,27,20,toys
75,/Hoovy-Bathtub-Toddlers-Grabber-Included/dp/B07XLPN6CT/,0,9.99,102,0,toys
76,/Disney-Frozen-Character-Multipack-SLED/dp/B07MM2DN3T/,10,69,2,14,toys
77,/Elf-Shelf-Claus-Couture-Gingerbread/dp/B07P83ZD45/,0,12.95,3,0,toys
78,/ORIENTAL-CHERRY-Advent-Calendar-2019/dp/B07XNPGGMC/,5,,19,0,toys
79,/Hasbro-Gaming-Trouble-OLAFS-Adventure/dp/B07MMP11S4/,0,14.99,3,25,toys
80,/Toy-Story-Forky-Large-Plush/dp/B07QZ4264S/,0,12.99,4,0,toys
81,/Frozen-2-Elsa-Travel-Doll/dp/B07KWXVMJB/,3,19.99,4,20,toys
82,/Pokemon-290-80647-Pok%C3%A9mon-Evolutions-Bundle/dp/B07SFF3YQW/,0,17.49,2,13,toys
83,/Max-Fun-Unfinished-Centerpieces-Decorations/dp/B07XLFSXMG/,0,20.99,18,0,toys
84,/Force1-Scoot-Hand-Drones-Kids/dp/B07W9FG474/,163,49.99,"1,050",0,toys
85,/Frozen-2-Anna-Travel-Doll/dp/B07KW66DQZ/,0,22.49,1,10,toys
86,/Pikmi-Pops-Pajama-Llamas-Giant/dp/B07NSQDLQW/,0,17.12,24,43,toys
87,/Toyk-Boy-Toys-Training-Football/dp/B07X5NN5GN/,0,12.99,144,0,toys
88,/5-Surprise-Brands-Collectible-Capsule-Zuru/dp/B07Y7HKZT6/,3,53.64,3,0,toys
89,/Star-Wars-Mandalorian-Collectible-Action/dp/B07T85WMWL/,22,29.99,24,0,toys
90,/Really-R-D-Robots-Exclusive/dp/B07NSXCJYL/,0,39.99,22,0,toys
91,/Disney-Frozen-Frz-Arendelle-Castle/dp/B07M7KW1LS/,10,179.99,10,0,toys
92,/LEGO-Star-Wars-Resistance-Starfighter/dp/B07Q2WLMJ2/,0,55.99,23,20,toys
93,/Surprise-Fashion-Confetti-Balloon-Unboxing/dp/B07XSR42Y7/,0,19.99,0,0,toys
94,/Funko-Pop-Funkoverse-Strategy-Potter/dp/B07RK4L39L/,0,41.9,17,0,toys
95,/LEGO-Star-Wars-Building-1771Piece/dp/B07Q2N1SJV/,5,99.95,27,0,toys
96,/LEGO-Fighter-Attack-Building-Pieces/dp/B07GZ4QP4K/,0,15.99,54,20,toys
97,/WowWee-Pinkfong-Shark-Melody-Sorter/dp/B07NJPKDM3/,0,18.99,15,5,toys
98,/Funko-Pop-TV-Crocodile-Hunter/dp/B07RPB576B/,6,9.43,44,14,toys
99,/Disney-Frozen-Frz-Romance-Pack/dp/B07MC8TCFP/,0,18.99,2,37,toys
100,/Boombox-Microphone-Flashing-Working-Connects/dp/B07V2LW1MV/,10,31.99,8,0,toys
